{"cameraMode":{"drawMode":0,"name":"Shaded","section":"Shading Mode"},"sceneLighting":false,"audioPlay":false,"sceneViewState":{"m_AlwaysRefresh":false,"showFog":true,"showSkybox":false,"showFlares":true,"showImageEffects":true,"showParticleSystems":true,"showVisualEffectGraphs":true,"m_FxEnabled":true},"in2DMode":false,"pivot":{"x":0.01889999955892563,"y":-0.024349994957447053,"z":0.5204750299453735},"rotation":{"x":-0.007498491555452347,"y":-0.020998289808630945,"z":-0.00015871351934038103,"w":0.9997548460960388},"size":0.3168761730194092,"orthographic":true}