{"cameraMode":{"drawMode":0,"name":"Shaded","section":"Shading Mode"},"sceneLighting":false,"audioPlay":false,"sceneViewState":{"m_AlwaysRefresh":false,"showFog":true,"showSkybox":false,"showFlares":true,"showImageEffects":true,"showParticleSystems":true,"showVisualEffectGraphs":true,"m_FxEnabled":true},"in2DMode":false,"pivot":{"x":-0.357469379901886,"y":-0.028612755239009858,"z":-0.09587812423706055},"rotation":{"x":-0.02698843739926815,"y":-0.025488348677754403,"z":-0.0006891866796649993,"w":0.9993142485618591},"size":0.1219526156783104,"orthographic":true}