{"cameraMode":{"drawMode":0,"name":"Shaded","section":"Shading Mode"},"sceneLighting":false,"audioPlay":false,"sceneViewState":{"m_AlwaysRefresh":false,"showFog":true,"showSkybox":false,"showFlares":true,"showImageEffects":true,"showParticleSystems":true,"showVisualEffectGraphs":true,"m_FxEnabled":true},"in2DMode":false,"pivot":{"x":0.4538874626159668,"y":-0.3430269658565521,"z":-0.8659155368804932},"rotation":{"x":0.38069531321525576,"y":0.19871336221694947,"z":-0.08413352072238922,"w":0.8991771936416626},"size":1.3283870220184327,"orthographic":true}