{"cameraMode":{"drawMode":0,"name":"Shaded","section":"Shading Mode"},"sceneLighting":false,"audioPlay":false,"sceneViewState":{"m_AlwaysRefresh":false,"showFog":true,"showSkybox":false,"showFlares":true,"showImageEffects":true,"showParticleSystems":true,"showVisualEffectGraphs":true,"m_FxEnabled":true},"in2DMode":false,"pivot":{"x":0.018999993801116945,"y":-0.024199992418289186,"z":0.5204750299453735},"rotation":{"x":0.2332056313753128,"y":0.26020604372024538,"z":-0.06492049247026444,"w":0.9347265362739563},"size":0.3167010247707367,"orthographic":true}