{"cameraMode":{"drawMode":0,"name":"Shaded","section":"Shading Mode"},"sceneLighting":false,"audioPlay":false,"sceneViewState":{"m_AlwaysRefresh":false,"showFog":true,"showSkybox":false,"showFlares":true,"showImageEffects":true,"showParticleSystems":true,"showVisualEffectGraphs":true,"m_FxEnabled":true},"in2DMode":false,"pivot":{"x":0.018999993801116945,"y":-0.024199992418289186,"z":0.5204750299453735},"rotation":{"x":0.1553906947374344,"y":0.3196485638618469,"z":-0.05322692170739174,"w":0.9332026839256287},"size":0.3167010247707367,"orthographic":true}